{
  "n": 31,
  "features": {
    "n_buyers": {
      "corr": -0.06267266685064297,
      "perm_p": 0.7278544291141772
    },
    "n_tracked": {
      "corr": -0.2527135387240886,
      "perm_p": 0.17356528694261147
    },
    "n_smart": {
      "corr": 0.0,
      "perm_p": 1.0
    },
    "buy_sol": {
      "corr": 0.0673230902431489,
      "perm_p": 0.7168566286742651
    },
    "concentration": {
      "corr": 0.1348477407361219,
      "perm_p": 0.4771045790841832
    }
  }
}