{
  "ts": "2026-06-04T13:06:57.206929+00:00",
  "pools": 12,
  "results": {
    "hold_24": {
      "fee_window": 0.007847590665970525,
      "il_window": 0.015357360816897564,
      "unhedged": {
        "n": 2518,
        "mean": -0.034768195991213696,
        "median": -0.0034115691277435273,
        "win": 0.4777601270849881
      },
      "neutral": {
        "n": 2518,
        "mean": -0.009509770150927042,
        "median": -0.0017243134893532605,
        "win": 0.3506751389992057
      },
      "neutral_ci": [
        -0.01605147350663066,
        -0.004691003132913061
      ],
      "regime_up": {
        "n": 113,
        "mean": -0.003910797149318507
      },
      "regime_down": {
        "n": 2393,
        "mean": -0.009771335511021237
      },
      "verdict": "REFUTED (IL+gas > fees)"
    },
    "hold_72": {
      "fee_window": 0.019721917016024697,
      "il_window": 0.039492493022401605,
      "unhedged": {
        "n": 2346,
        "mean": -0.08719367362281537,
        "median": -0.0126107366862137,
        "win": 0.46078431372549017
      },
      "neutral": {
        "n": 2346,
        "mean": -0.02177057600637691,
        "median": -0.0009079851298333078,
        "win": 0.4676044330775789
      },
      "neutral_ci": [
        -0.03742858829527456,
        -0.009121150288362002
      ],
      "regime_up": {
        "n": 107,
        "mean": -0.023271020581180888
      },
      "regime_down": {
        "n": 2227,
        "mean": -0.021669821259649114
      },
      "verdict": "REFUTED (IL+gas > fees)"
    },
    "hold_168": {
      "fee_window": 0.03452563583059356,
      "il_window": 0.06506843970813325,
      "unhedged": {
        "n": 2010,
        "mean": -0.10920517591479907,
        "median": -0.026414496823273122,
        "win": 0.4626865671641791
      },
      "neutral": {
        "n": 2010,
        "mean": -0.0325428038775397,
        "median": 0.0001880118423409679,
        "win": 0.5139303482587064
      },
      "neutral_ci": [
        -0.056830038248181496,
        -0.012227647157394059
      ],
      "regime_up": {
        "n": 44,
        "mean": -0.027086422366226937
      },
      "regime_down": {
        "n": 1955,
        "mean": -0.03260133734970852
      },
      "verdict": "REFUTED (IL+gas > fees)"
    }
  }
}